col A,col B,col C,col D,col E
A1,B1,C1,D1,
A2,B2,C2,D2,
A3,B3,C3,D3,
A4,B4,C4,D4,
A5,B5,C5,D5,
A6,B6,C6,D6,
A7,B7,C7,D7,
A8,B8,C8,D8,
A9,B9,C9,D9,
A10,B10,C10,D10,
A11,B11,C11,D11,
A12,B12,C12,D12,
A13,B13,C13,D13,
A14,B14,C14,D14,
A15,B15,C15,D15,
A16,B16,C16,D16,
A17,B17,C17,D17,
A18,B18,C18,D18,
A19,B19,C19,D19,
A20,B20,C20,D20,E20
A21,B21,C21,D21,E21
A22,B22,C22,D22,E22
A23,B23,C23,D23,E23
A24,B24,C24,D24,E24
A25,B25,C25,D25,E25
A26,B26,C26,D26,E26
A27,B27,C27,D27,E27
A28,B28,C28,D28,E28
A29,B29,C29,D29,E29
A30,,C30,,
A31,,C31,,
A32,,C32,,
A33,,C33,,
A34,,C34,,
A35,,C35,,
A36,,C36,,
A37,,C37,,
A38,,C38,,
A39,,C39,,
